region_id,estimation_id,instruction_name,count_per_iteration,count_total,impact
215,0,Send,13514.0,,
215,0,Add,773.0,,
215,0,Sub,401.0,,
215,0,BROADCAST,28.0,,
215,0,Mul,33.0,,
215,0,IDIV,4.0,,
215,0,FMA,0,,
215,0,ABS,0,,
215,0,DIV,0,,
215,0,MIN,0,,
215,0,MAX,0,,
215,0,SQRT,0,,
215,0,SAD,0,,
215,0,SCALE,0,,
215,0,SIGN,0,,
215,0,RECCP,0,,
215,0,Mov,0,,
369,0,Add,21.142857142857142,,
369,0,Send,371.0285714285714,,
369,0,Sub,10.514285714285714,,
369,0,BROADCAST,0.8,,
369,0,Mul,0.9428571428571428,,
369,0,IDIV,0.11428571428571428,,
369,0,FMA,0,,
369,0,ABS,0,,
369,0,DIV,0,,
369,0,MIN,0,,
369,0,MAX,0,,
369,0,SQRT,0,,
369,0,SAD,0,,
369,0,SCALE,0,,
369,0,SIGN,0,,
369,0,RECCP,0,,
369,0,Mov,0,,
370,0,Add,20.696969696969695,,
370,0,Send,341.57575757575756,,
370,0,Sub,9.151515151515152,,
370,0,BROADCAST,0.8484848484848485,,
370,0,Mul,1.0,,
370,0,IDIV,0.12121212121212122,,
370,0,FMA,0,,
370,0,ABS,0,,
370,0,DIV,0,,
370,0,MIN,0,,
370,0,MAX,0,,
370,0,SQRT,0,,
370,0,SAD,0,,
370,0,SCALE,0,,
370,0,SIGN,0,,
370,0,RECCP,0,,
370,0,Mov,0,,
371,0,Add,313.0,,
371,0,Send,4878.0,,
371,0,Sub,118.0,,
371,0,BROADCAST,14.0,,
371,0,Mul,16.5,,
371,0,IDIV,2.0,,
371,0,FMA,0,,
371,0,ABS,0,,
371,0,DIV,0,,
371,0,MIN,0,,
371,0,MAX,0,,
371,0,SQRT,0,,
371,0,SAD,0,,
371,0,SCALE,0,,
371,0,SIGN,0,,
371,0,RECCP,0,,
371,0,Mov,0,,
372,0,Add,8.246376811594203,,
372,0,Send,119.42028985507245,,
372,0,Sub,2.463768115942029,,
372,0,BROADCAST,0.4057971014492754,,
372,0,Mul,0.4782608695652174,,
372,0,IDIV,0.057971014492753624,,
372,0,FMA,0,,
372,0,ABS,0,,
372,0,DIV,0,,
372,0,MIN,0,,
372,0,MAX,0,,
372,0,SQRT,0,,
372,0,SAD,0,,
372,0,SCALE,0,,
372,0,SIGN,0,,
372,0,RECCP,0,,
372,0,Mov,0,,
216,0,Add,14.628571428571428,,
216,0,Send,174.2,,
216,0,Sub,2.9714285714285715,,
216,0,BROADCAST,0.8,,
216,0,Mul,0.9428571428571428,,
216,0,IDIV,0.11428571428571428,,
216,0,FMA,0,,
216,0,ABS,0,,
216,0,DIV,0,,
216,0,MIN,0,,
216,0,MAX,0,,
216,0,SQRT,0,,
216,0,SAD,0,,
216,0,SCALE,0,,
216,0,SIGN,0,,
216,0,RECCP,0,,
216,0,Mov,0,,
224,0,Send,14.0,,
224,0,Add,1.0,,
224,0,Sub,1.0,,
224,0,FMA,0,,
224,0,Mul,0,,
224,0,ABS,0,,
224,0,DIV,0,,
224,0,MIN,0,,
224,0,MAX,0,,
224,0,SQRT,0,,
224,0,SAD,0,,
224,0,SCALE,0,,
224,0,SIGN,0,,
224,0,RECCP,0,,
224,0,Mov,0,,
171,0,Send,162549.7857142857,,
171,0,Add,90272.57142857143,,
171,0,Sub,13987.642857142857,,
171,0,IDIV,28.857142857142858,,
171,0,Mul,20.642857142857146,,
171,0,FDIV,0.3571428571428572,,
171,0,FMA,0,,
171,0,ABS,0,,
171,0,DIV,0,,
171,0,MIN,0,,
171,0,MAX,0,,
171,0,SQRT,0,,
171,0,SAD,0,,
171,0,SCALE,0,,
171,0,SIGN,0,,
171,0,RECCP,0,,
171,0,Mov,0,,
352,0,Add,89983.92857142857,,
352,0,Send,157114.5,,
352,0,Sub,13757.642857142857,,
352,0,FMA,0,,
352,0,Mul,0,,
352,0,ABS,0,,
352,0,DIV,0,,
352,0,MIN,0,,
352,0,MAX,0,,
352,0,SQRT,0,,
352,0,SAD,0,,
352,0,SCALE,0,,
352,0,SIGN,0,,
352,0,RECCP,0,,
352,0,Mov,0,,
353,0,Send,157113.64285714287,,
353,0,Add,89983.85714285714,,
353,0,Sub,13757.57142857143,,
353,0,FMA,0,,
353,0,Mul,0,,
353,0,ABS,0,,
353,0,DIV,0,,
353,0,MIN,0,,
353,0,MAX,0,,
353,0,SQRT,0,,
353,0,SAD,0,,
353,0,SCALE,0,,
353,0,SIGN,0,,
353,0,RECCP,0,,
353,0,Mov,0,,
179,0,Send,157110.07142857142,,
179,0,Add,89983.85714285714,,
179,0,Sub,13757.57142857143,,
179,0,FMA,0,,
179,0,Mul,0,,
179,0,ABS,0,,
179,0,DIV,0,,
179,0,MIN,0,,
179,0,MAX,0,,
179,0,SQRT,0,,
179,0,SAD,0,,
179,0,SCALE,0,,
179,0,SIGN,0,,
179,0,RECCP,0,,
179,0,Mov,0,,
180,0,Add,89983.85714285714,,
180,0,Send,157109.5,,
180,0,Sub,13757.57142857143,,
180,0,FMA,0,,
180,0,Mul,0,,
180,0,ABS,0,,
180,0,DIV,0,,
180,0,MIN,0,,
180,0,MAX,0,,
180,0,SQRT,0,,
180,0,SAD,0,,
180,0,SCALE,0,,
180,0,SIGN,0,,
180,0,RECCP,0,,
180,0,Mov,0,,
181,0,Add,89983.28571428571,,
181,0,Send,157105.07142857142,,
181,0,Sub,13756.92857142857,,
181,0,FMA,0,,
181,0,Mul,0,,
181,0,ABS,0,,
181,0,DIV,0,,
181,0,MIN,0,,
181,0,MAX,0,,
181,0,SQRT,0,,
181,0,SAD,0,,
181,0,SCALE,0,,
181,0,SIGN,0,,
181,0,RECCP,0,,
181,0,Mov,0,,
182,0,Add,89982.64285714286,,
182,0,Send,157091.57142857142,,
182,0,Sub,13756.285714285714,,
182,0,FMA,0,,
182,0,Mul,0,,
182,0,ABS,0,,
182,0,DIV,0,,
182,0,MIN,0,,
182,0,MAX,0,,
182,0,SQRT,0,,
182,0,SAD,0,,
182,0,SCALE,0,,
182,0,SIGN,0,,
182,0,RECCP,0,,
182,0,Mov,0,,
240,0,Add,89982.0,,
240,0,Send,154610.7857142857,,
240,0,Sub,13755.642857142857,,
240,0,FMA,0,,
240,0,Mul,0,,
240,0,ABS,0,,
240,0,DIV,0,,
240,0,MIN,0,,
240,0,MAX,0,,
240,0,SQRT,0,,
240,0,SAD,0,,
240,0,SCALE,0,,
240,0,SIGN,0,,
240,0,RECCP,0,,
240,0,Mov,0,,
183,0,Add,89981.78571428571,,
183,0,Send,154610.35714285713,,
183,0,Sub,13755.42857142857,,
183,0,FMA,0,,
183,0,Mul,0,,
183,0,ABS,0,,
183,0,DIV,0,,
183,0,MIN,0,,
183,0,MAX,0,,
183,0,SQRT,0,,
183,0,SAD,0,,
183,0,SCALE,0,,
183,0,SIGN,0,,
183,0,RECCP,0,,
183,0,Mov,0,,
340,0,Add,288.64285714285717,,
340,0,Send,5435.0,,
340,0,IDIV,28.857142857142858,,
340,0,Sub,230.0,,
340,0,Mul,20.642857142857146,,
340,0,FDIV,0.3571428571428572,,
340,0,FMA,0,,
340,0,ABS,0,,
340,0,DIV,0,,
340,0,MIN,0,,
340,0,MAX,0,,
340,0,SQRT,0,,
340,0,SAD,0,,
340,0,SCALE,0,,
340,0,SIGN,0,,
340,0,RECCP,0,,
340,0,Mov,0,,
330,0,Add,262.64285714285717,,
330,0,Send,3565.714285714286,,
330,0,Mul,18.714285714285715,,
330,0,Sub,229.5,,
330,0,IDIV,28.785714285714285,,
330,0,FMA,0,,
330,0,ABS,0,,
330,0,DIV,0,,
330,0,MIN,0,,
330,0,MAX,0,,
330,0,SQRT,0,,
330,0,SAD,0,,
330,0,SCALE,0,,
330,0,SIGN,0,,
330,0,RECCP,0,,
330,0,Mov,0,,
320,0,Add,151.64285714285714,,
320,0,Send,2277.785714285714,,
320,0,Sub,114.78571428571429,,
320,0,IDIV,28.357142857142858,,
320,0,FMA,0,,
320,0,Mul,0,,
320,0,ABS,0,,
320,0,DIV,0,,
320,0,MIN,0,,
320,0,MAX,0,,
320,0,SQRT,0,,
320,0,SAD,0,,
320,0,SCALE,0,,
320,0,SIGN,0,,
320,0,RECCP,0,,
320,0,Mov,0,,
160,0,Send,1298.2142857142858,,
160,0,Add,41.714285714285715,,
160,0,IDIV,28.357142857142858,,
160,0,Sub,0.5,,
160,0,FMA,0,,
160,0,Mul,0,,
160,0,ABS,0,,
160,0,DIV,0,,
160,0,MIN,0,,
160,0,MAX,0,,
160,0,SQRT,0,,
160,0,SAD,0,,
160,0,SCALE,0,,
160,0,SIGN,0,,
160,0,RECCP,0,,
160,0,Mov,0,,
323,0,Add,37.142857142857146,,
323,0,Send,1274.7142857142858,,
323,0,Sub,0.5,,
323,0,IDIV,28.285714285714285,,
323,0,FMA,0,,
323,0,Mul,0,,
323,0,ABS,0,,
323,0,DIV,0,,
323,0,MIN,0,,
323,0,MAX,0,,
323,0,SQRT,0,,
323,0,SAD,0,,
323,0,SCALE,0,,
323,0,SIGN,0,,
323,0,RECCP,0,,
323,0,Mov,0,,
324,0,Add,37.07142857142857,,
324,0,IDIV,28.285714285714285,,
324,0,Send,1227.2857142857142,,
324,0,Sub,0.42857142857142855,,
324,0,FMA,0,,
324,0,Mul,0,,
324,0,ABS,0,,
324,0,DIV,0,,
324,0,MIN,0,,
324,0,MAX,0,,
324,0,SQRT,0,,
324,0,SAD,0,,
324,0,SCALE,0,,
324,0,SIGN,0,,
324,0,RECCP,0,,
324,0,Mov,0,,
325,0,Add,18.642857142857142,,
325,0,IDIV,14.142857142857142,,
325,0,Send,588.1428571428571,,
325,0,Sub,0.42857142857142855,,
325,0,FMA,0,,
325,0,Mul,0,,
325,0,ABS,0,,
325,0,DIV,0,,
325,0,MIN,0,,
325,0,MAX,0,,
325,0,SQRT,0,,
325,0,SAD,0,,
325,0,SCALE,0,,
325,0,SIGN,0,,
325,0,RECCP,0,,
325,0,Mov,0,,
161,0,Send,13.0,,
161,0,Add,0.21428571428571427,,
161,0,Sub,0.42857142857142855,,
161,0,FMA,0,,
161,0,Mul,0,,
161,0,ABS,0,,
161,0,DIV,0,,
161,0,MIN,0,,
161,0,MAX,0,,
161,0,SQRT,0,,
161,0,SAD,0,,
161,0,SCALE,0,,
161,0,SIGN,0,,
161,0,RECCP,0,,
161,0,Mov,0,,
328,0,Add,0.21428571428571427,,
328,0,Send,3.857142857142857,,
328,0,Sub,0.42857142857142855,,
328,0,FMA,0,,
328,0,Mul,0,,
328,0,ABS,0,,
328,0,DIV,0,,
328,0,MIN,0,,
328,0,MAX,0,,
328,0,SQRT,0,,
328,0,SAD,0,,
328,0,SCALE,0,,
328,0,SIGN,0,,
328,0,RECCP,0,,
328,0,Mov,0,,
162,0,Send,1.5,,
162,0,FMA,0,,
162,0,Add,0,,
162,0,Mul,0,,
162,0,Sub,0,,
162,0,ABS,0,,
162,0,DIV,0,,
162,0,MIN,0,,
162,0,MAX,0,,
162,0,SQRT,0,,
162,0,SAD,0,,
162,0,SCALE,0,,
162,0,SIGN,0,,
162,0,RECCP,0,,
162,0,Mov,0,,
331,0,Send,295.35714285714283,,
331,0,Add,0.5714285714285714,,
331,0,Mul,9.571428571428571,,
331,0,Sub,0.42857142857142855,,
331,0,IDIV,0.42857142857142855,,
331,0,FMA,0,,
331,0,ABS,0,,
331,0,DIV,0,,
331,0,MIN,0,,
331,0,MAX,0,,
331,0,SQRT,0,,
331,0,SAD,0,,
331,0,SCALE,0,,
331,0,SIGN,0,,
331,0,RECCP,0,,
331,0,Mov,0,,
332,0,Send,154.78571428571428,,
332,0,Mul,9.142857142857142,,
332,0,Add,0.14285714285714285,,
332,0,FMA,0,,
332,0,Sub,0,,
332,0,ABS,0,,
332,0,DIV,0,,
332,0,MIN,0,,
332,0,MAX,0,,
332,0,SQRT,0,,
332,0,SAD,0,,
332,0,SCALE,0,,
332,0,SIGN,0,,
332,0,RECCP,0,,
332,0,Mov,0,,
333,0,Send,104.5,,
333,0,Add,0.14285714285714285,,
333,0,FMA,0,,
333,0,Mul,0,,
333,0,Sub,0,,
333,0,ABS,0,,
333,0,DIV,0,,
333,0,MIN,0,,
333,0,MAX,0,,
333,0,SQRT,0,,
333,0,SAD,0,,
333,0,SCALE,0,,
333,0,SIGN,0,,
333,0,RECCP,0,,
333,0,Mov,0,,
334,0,Send,41.142857142857146,,
334,0,FMA,0,,
334,0,Add,0,,
334,0,Mul,0,,
334,0,Sub,0,,
334,0,ABS,0,,
334,0,DIV,0,,
334,0,MIN,0,,
334,0,MAX,0,,
334,0,SQRT,0,,
334,0,SAD,0,,
334,0,SCALE,0,,
334,0,SIGN,0,,
334,0,RECCP,0,,
334,0,Mov,0,,
167,0,Send,27.428571428571427,,
167,0,FMA,0,,
167,0,Add,0,,
167,0,Mul,0,,
167,0,Sub,0,,
167,0,ABS,0,,
167,0,DIV,0,,
167,0,MIN,0,,
167,0,MAX,0,,
167,0,SQRT,0,,
167,0,SAD,0,,
167,0,SCALE,0,,
167,0,SIGN,0,,
167,0,RECCP,0,,
167,0,Mov,0,,
341,0,Add,21.0,,
341,0,FDIV,0.3571428571428572,,
341,0,Send,1745.285714285714,,
341,0,Mul,1.9285714285714286,,
341,0,Sub,0.21428571428571425,,
341,0,FMA,0,,
341,0,ABS,0,,
341,0,DIV,0,,
341,0,MIN,0,,
341,0,MAX,0,,
341,0,SQRT,0,,
341,0,SAD,0,,
341,0,SCALE,0,,
341,0,SIGN,0,,
341,0,RECCP,0,,
341,0,Mov,0,,
342,0,Send,210.71428571428572,,
342,0,FMA,0,,
342,0,Add,0,,
342,0,Mul,0,,
342,0,Sub,0,,
342,0,ABS,0,,
342,0,DIV,0,,
342,0,MIN,0,,
342,0,MAX,0,,
342,0,SQRT,0,,
342,0,SAD,0,,
342,0,SCALE,0,,
342,0,SIGN,0,,
342,0,RECCP,0,,
342,0,Mov,0,,
174,0,Send,208.57142857142858,,
174,0,FMA,0,,
174,0,Add,0,,
174,0,Mul,0,,
174,0,Sub,0,,
174,0,ABS,0,,
174,0,DIV,0,,
174,0,MIN,0,,
174,0,MAX,0,,
174,0,SQRT,0,,
174,0,SAD,0,,
174,0,SCALE,0,,
174,0,SIGN,0,,
174,0,RECCP,0,,
174,0,Mov,0,,
344,0,Send,83.42857142857143,,
344,0,FMA,0,,
344,0,Add,0,,
344,0,Mul,0,,
344,0,Sub,0,,
344,0,ABS,0,,
344,0,DIV,0,,
344,0,MIN,0,,
344,0,MAX,0,,
344,0,SQRT,0,,
344,0,SAD,0,,
344,0,SCALE,0,,
344,0,SIGN,0,,
344,0,RECCP,0,,
344,0,Mov,0,,
172,0,Send,83.42857142857143,,
172,0,FMA,0,,
172,0,Add,0,,
172,0,Mul,0,,
172,0,Sub,0,,
172,0,ABS,0,,
172,0,DIV,0,,
172,0,MIN,0,,
172,0,MAX,0,,
172,0,SQRT,0,,
172,0,SAD,0,,
172,0,SCALE,0,,
172,0,SIGN,0,,
172,0,RECCP,0,,
172,0,Mov,0,,
49,0,Send,163462.92857142858,,
49,0,Add,90318.21428571429,,
49,0,Sub,13991.5,,
49,0,Mul,11.142857142857142,,
49,0,IDIV,56.714285714285715,,
49,0,FDIV,0.3571428571428572,,
49,0,FMA,0,,
49,0,ABS,0,,
49,0,DIV,0,,
49,0,MIN,0,,
49,0,MAX,0,,
49,0,SQRT,0,,
49,0,SAD,0,,
49,0,SCALE,0,,
49,0,SIGN,0,,
49,0,RECCP,0,,
49,0,Mov,0,,
39,0,Add,23.071428571428573,,
39,0,Send,116.5,,
39,0,Sub,4.714285714285714,,
39,0,Mul,0.07142857142857142,,
39,0,FMA,0,,
39,0,ABS,0,,
39,0,DIV,0,,
39,0,MIN,0,,
39,0,MAX,0,,
39,0,SQRT,0,,
39,0,SAD,0,,
39,0,SCALE,0,,
39,0,SIGN,0,,
39,0,RECCP,0,,
39,0,Mov,0,,
295,0,Add,22.928571428571427,,
295,0,Send,116.0,,
295,0,Mul,0.07142857142857142,,
295,0,Sub,4.642857142857143,,
295,0,FMA,0,,
295,0,ABS,0,,
295,0,DIV,0,,
295,0,MIN,0,,
295,0,MAX,0,,
295,0,SQRT,0,,
295,0,SAD,0,,
295,0,SCALE,0,,
295,0,SIGN,0,,
295,0,RECCP,0,,
295,0,Mov,0,,
296,0,Add,13.714285714285714,,
296,0,Send,66.78571428571429,,
296,0,Sub,4.571428571428571,,
296,0,FMA,0,,
296,0,Mul,0,,
296,0,ABS,0,,
296,0,DIV,0,,
296,0,MIN,0,,
296,0,MAX,0,,
296,0,SQRT,0,,
296,0,SAD,0,,
296,0,SCALE,0,,
296,0,SIGN,0,,
296,0,RECCP,0,,
296,0,Mov,0,,
40,0,Send,16.5,,
40,0,Add,9.142857142857142,,
40,0,Sub,4.571428571428571,,
40,0,FMA,0,,
40,0,Mul,0,,
40,0,ABS,0,,
40,0,DIV,0,,
40,0,MIN,0,,
40,0,MAX,0,,
40,0,SQRT,0,,
40,0,SAD,0,,
40,0,SCALE,0,,
40,0,SIGN,0,,
40,0,RECCP,0,,
40,0,Mov,0,,
41,0,Add,9.142857142857142,,
41,0,Sub,4.571428571428571,,
41,0,Send,14.214285714285714,,
41,0,FMA,0,,
41,0,Mul,0,,
41,0,ABS,0,,
41,0,DIV,0,,
41,0,MIN,0,,
41,0,MAX,0,,
41,0,SQRT,0,,
41,0,SAD,0,,
41,0,SCALE,0,,
41,0,SIGN,0,,
41,0,RECCP,0,,
41,0,Mov,0,,
42,0,Send,14.214285714285714,,
42,0,FMA,0,,
42,0,Add,0,,
42,0,Mul,0,,
42,0,Sub,0,,
42,0,ABS,0,,
42,0,DIV,0,,
42,0,MIN,0,,
42,0,MAX,0,,
42,0,SQRT,0,,
42,0,SAD,0,,
42,0,SCALE,0,,
42,0,SIGN,0,,
42,0,RECCP,0,,
42,0,Mov,0,,
310,0,Add,89983.92857142857,,
310,0,Send,157114.5,,
310,0,Sub,13757.642857142857,,
310,0,FMA,0,,
310,0,Mul,0,,
310,0,ABS,0,,
310,0,DIV,0,,
310,0,MIN,0,,
310,0,MAX,0,,
310,0,SQRT,0,,
310,0,SAD,0,,
310,0,SCALE,0,,
310,0,SIGN,0,,
310,0,RECCP,0,,
310,0,Mov,0,,
311,0,Send,157113.64285714287,,
311,0,Add,89983.85714285714,,
311,0,Sub,13757.57142857143,,
311,0,FMA,0,,
311,0,Mul,0,,
311,0,ABS,0,,
311,0,DIV,0,,
311,0,MIN,0,,
311,0,MAX,0,,
311,0,SQRT,0,,
311,0,SAD,0,,
311,0,SCALE,0,,
311,0,SIGN,0,,
311,0,RECCP,0,,
311,0,Mov,0,,
50,0,Send,157110.07142857142,,
50,0,Add,89983.85714285714,,
50,0,Sub,13757.57142857143,,
50,0,FMA,0,,
50,0,Mul,0,,
50,0,ABS,0,,
50,0,DIV,0,,
50,0,MIN,0,,
50,0,MAX,0,,
50,0,SQRT,0,,
50,0,SAD,0,,
50,0,SCALE,0,,
50,0,SIGN,0,,
50,0,RECCP,0,,
50,0,Mov,0,,
51,0,Add,89983.85714285714,,
51,0,Send,157109.5,,
51,0,Sub,13757.57142857143,,
51,0,FMA,0,,
51,0,Mul,0,,
51,0,ABS,0,,
51,0,DIV,0,,
51,0,MIN,0,,
51,0,MAX,0,,
51,0,SQRT,0,,
51,0,SAD,0,,
51,0,SCALE,0,,
51,0,SIGN,0,,
51,0,RECCP,0,,
51,0,Mov,0,,
52,0,Add,89983.28571428571,,
52,0,Send,157105.07142857142,,
52,0,Sub,13756.92857142857,,
52,0,FMA,0,,
52,0,Mul,0,,
52,0,ABS,0,,
52,0,DIV,0,,
52,0,MIN,0,,
52,0,MAX,0,,
52,0,SQRT,0,,
52,0,SAD,0,,
52,0,SCALE,0,,
52,0,SIGN,0,,
52,0,RECCP,0,,
52,0,Mov,0,,
53,0,Add,89982.64285714286,,
53,0,Send,157091.57142857142,,
53,0,Sub,13756.285714285714,,
53,0,FMA,0,,
53,0,Mul,0,,
53,0,ABS,0,,
53,0,DIV,0,,
53,0,MIN,0,,
53,0,MAX,0,,
53,0,SQRT,0,,
53,0,SAD,0,,
53,0,SCALE,0,,
53,0,SIGN,0,,
53,0,RECCP,0,,
53,0,Mov,0,,
237,0,Add,89982.0,,
237,0,Send,154610.7857142857,,
237,0,Sub,13755.642857142857,,
237,0,FMA,0,,
237,0,Mul,0,,
237,0,ABS,0,,
237,0,DIV,0,,
237,0,MIN,0,,
237,0,MAX,0,,
237,0,SQRT,0,,
237,0,SAD,0,,
237,0,SCALE,0,,
237,0,SIGN,0,,
237,0,RECCP,0,,
237,0,Mov,0,,
58,0,Add,89981.78571428571,,
58,0,Send,154610.35714285713,,
58,0,Sub,13755.42857142857,,
58,0,FMA,0,,
58,0,Mul,0,,
58,0,ABS,0,,
58,0,DIV,0,,
58,0,MIN,0,,
58,0,MAX,0,,
58,0,SQRT,0,,
58,0,SAD,0,,
58,0,SCALE,0,,
58,0,SIGN,0,,
58,0,RECCP,0,,
58,0,Mov,0,,
302,0,Add,311.2142857142857,,
302,0,Send,6231.642857142857,,
302,0,IDIV,56.714285714285715,,
302,0,Sub,229.14285714285714,,
302,0,FDIV,0.3571428571428572,,
302,0,Mul,11.071428571428571,,
302,0,FMA,0,,
302,0,ABS,0,,
302,0,DIV,0,,
302,0,MIN,0,,
302,0,MAX,0,,
302,0,SQRT,0,,
302,0,SAD,0,,
302,0,SCALE,0,,
302,0,SIGN,0,,
302,0,RECCP,0,,
302,0,Mov,0,,
303,0,Add,21.0,,
303,0,FDIV,0.3571428571428572,,
303,0,Send,1745.285714285714,,
303,0,Mul,1.9285714285714286,,
303,0,Sub,0.21428571428571425,,
303,0,FMA,0,,
303,0,ABS,0,,
303,0,DIV,0,,
303,0,MIN,0,,
303,0,MAX,0,,
303,0,SQRT,0,,
303,0,SAD,0,,
303,0,SCALE,0,,
303,0,SIGN,0,,
303,0,RECCP,0,,
303,0,Mov,0,,
304,0,Send,210.71428571428572,,
304,0,FMA,0,,
304,0,Add,0,,
304,0,Mul,0,,
304,0,Sub,0,,
304,0,ABS,0,,
304,0,DIV,0,,
304,0,MIN,0,,
304,0,MAX,0,,
304,0,SQRT,0,,
304,0,SAD,0,,
304,0,SCALE,0,,
304,0,SIGN,0,,
304,0,RECCP,0,,
304,0,Mov,0,,
45,0,Send,208.57142857142858,,
45,0,FMA,0,,
45,0,Add,0,,
45,0,Mul,0,,
45,0,Sub,0,,
45,0,ABS,0,,
45,0,DIV,0,,
45,0,MIN,0,,
45,0,MAX,0,,
45,0,SQRT,0,,
45,0,SAD,0,,
45,0,SCALE,0,,
45,0,SIGN,0,,
45,0,RECCP,0,,
45,0,Mov,0,,
283,0,Add,285.2142857142857,,
283,0,Send,4362.357142857143,,
283,0,Mul,9.142857142857142,,
283,0,Sub,228.64285714285714,,
283,0,IDIV,56.642857142857146,,
283,0,FMA,0,,
283,0,ABS,0,,
283,0,DIV,0,,
283,0,MIN,0,,
283,0,MAX,0,,
283,0,SQRT,0,,
283,0,SAD,0,,
283,0,SCALE,0,,
283,0,SIGN,0,,
283,0,RECCP,0,,
283,0,Mov,0,,
284,0,Add,174.78571428571428,,
284,0,Send,3369.785714285714,,
284,0,Sub,114.35714285714286,,
284,0,IDIV,56.642857142857146,,
284,0,FMA,0,,
284,0,Mul,0,,
284,0,ABS,0,,
284,0,DIV,0,,
284,0,MIN,0,,
284,0,MAX,0,,
284,0,SQRT,0,,
284,0,SAD,0,,
284,0,SCALE,0,,
284,0,SIGN,0,,
284,0,RECCP,0,,
284,0,Mov,0,,
30,0,Send,2390.214285714286,,
30,0,Add,64.85714285714286,,
30,0,IDIV,56.642857142857146,,
30,0,Sub,0.07142857142857142,,
30,0,FMA,0,,
30,0,Mul,0,,
30,0,ABS,0,,
30,0,DIV,0,,
30,0,MIN,0,,
30,0,MAX,0,,
30,0,SQRT,0,,
30,0,SAD,0,,
30,0,SCALE,0,,
30,0,SIGN,0,,
30,0,RECCP,0,,
30,0,Mov,0,,
290,0,Add,60.07142857142857,,
290,0,Send,2300.714285714286,,
290,0,Sub,0.07142857142857142,,
290,0,IDIV,56.57142857142857,,
290,0,FMA,0,,
290,0,Mul,0,,
290,0,ABS,0,,
290,0,DIV,0,,
290,0,MIN,0,,
290,0,MAX,0,,
290,0,SQRT,0,,
290,0,SAD,0,,
290,0,SCALE,0,,
290,0,SIGN,0,,
290,0,RECCP,0,,
290,0,Mov,0,,
291,0,Add,60.0,,
291,0,IDIV,56.57142857142857,,
291,0,Send,2253.285714285714,,
291,0,FMA,0,,
291,0,Mul,0,,
291,0,Sub,0,,
291,0,ABS,0,,
291,0,DIV,0,,
291,0,MIN,0,,
291,0,MAX,0,,
291,0,SQRT,0,,
291,0,SAD,0,,
291,0,SCALE,0,,
291,0,SIGN,0,,
291,0,RECCP,0,,
291,0,Mov,0,,
292,0,Add,41.57142857142857,,
292,0,IDIV,42.42857142857143,,
292,0,Send,1614.142857142857,,
292,0,FMA,0,,
292,0,Mul,0,,
292,0,Sub,0,,
292,0,ABS,0,,
292,0,DIV,0,,
292,0,MIN,0,,
292,0,MAX,0,,
292,0,SQRT,0,,
292,0,SAD,0,,
292,0,SCALE,0,,
292,0,SIGN,0,,
292,0,RECCP,0,,
292,0,Mov,0,,
293,0,Add,23.142857142857142,,
293,0,IDIV,28.285714285714285,,
293,0,Send,1039.0,,
293,0,FMA,0,,
293,0,Mul,0,,
293,0,Sub,0,,
293,0,ABS,0,,
293,0,DIV,0,,
293,0,MIN,0,,
293,0,MAX,0,,
293,0,SQRT,0,,
293,0,SAD,0,,
293,0,SCALE,0,,
293,0,SIGN,0,,
293,0,RECCP,0,,
293,0,Mov,0,,
31,0,Add,7.0,,
31,0,IDIV,14.14285714285714,,
31,0,Send,511.0,,
31,0,FMA,0,,
31,0,Mul,0,,
31,0,Sub,0,,
31,0,ABS,0,,
31,0,DIV,0,,
31,0,MIN,0,,
31,0,MAX,0,,
31,0,SQRT,0,,
31,0,SAD,0,,
31,0,SCALE,0,,
31,0,SIGN,0,,
31,0,RECCP,0,,
31,0,Mov,0,,
27,0,Send,66.0,,
27,0,Add,0.21428571428571427,,
27,0,FMA,0,,
27,0,Mul,0,,
27,0,Sub,0,,
27,0,ABS,0,,
27,0,DIV,0,,
27,0,MIN,0,,
27,0,MAX,0,,
27,0,SQRT,0,,
27,0,SAD,0,,
27,0,SCALE,0,,
27,0,SIGN,0,,
27,0,RECCP,0,,
27,0,Mov,0,,
69,0,Add,2878.6957830421693,,
69,0,Send,16339.77371226288,,
69,0,Mul,5757.644743552564,,
69,0,Sub,1920.4216457835423,,
69,0,FDIV,959.2741272587274,,
69,0,FCOM,959.2741272587274,,
69,0,SQRT,959.2741272587274,,
69,0,EXP,959.2741272587274,,
69,0,FMA,0,,
69,0,ABS,0,,
69,0,DIV,0,,
69,0,MIN,0,,
69,0,MAX,0,,
69,0,SAD,0,,
69,0,SCALE,0,,
69,0,SIGN,0,,
69,0,RECCP,0,,
69,0,Mov,0,,
246,0,Send,16328.773822261779,,
246,0,Mul,5757.644743552564,,
246,0,Sub,1920.4216457835423,,
246,0,Add,2877.6957930420695,,
246,0,FDIV,959.2741272587274,,
246,0,FCOM,959.2741272587274,,
246,0,SQRT,959.2741272587274,,
246,0,EXP,959.2741272587274,,
246,0,FMA,0,,
246,0,ABS,0,,
246,0,DIV,0,,
246,0,MIN,0,,
246,0,MAX,0,,
246,0,SAD,0,,
246,0,SCALE,0,,
246,0,SIGN,0,,
246,0,RECCP,0,,
246,0,Mov,0,,
70,0,Add,2877.6957930420695,,
70,0,Send,16307.406985930142,,
70,0,FDIV,959.2741272587274,,
70,0,FCOM,959.2741272587274,,
70,0,Mul,5755.644763552365,,
70,0,Sub,1918.5482545174548,,
70,0,SQRT,959.2741272587274,,
70,0,EXP,959.2741272587274,,
70,0,FMA,0,,
70,0,ABS,0,,
70,0,DIV,0,,
70,0,MIN,0,,
70,0,MAX,0,,
70,0,SAD,0,,
70,0,SCALE,0,,
70,0,SIGN,0,,
70,0,RECCP,0,,
70,0,Mov,0,,
109,0,FMA,0,,
109,0,Add,0,,
109,0,Mul,0,,
109,0,Sub,0,,
109,0,ABS,0,,
109,0,DIV,0,,
109,0,MIN,0,,
109,0,MAX,0,,
109,0,SQRT,0,,
109,0,SAD,0,,
109,0,SCALE,0,,
109,0,SIGN,0,,
109,0,RECCP,0,,
109,0,Mov,0,,
109,0,Send,0,,
110,0,FMA,0,,
110,0,Add,0,,
110,0,Mul,0,,
110,0,Sub,0,,
110,0,ABS,0,,
110,0,DIV,0,,
110,0,MIN,0,,
110,0,MAX,0,,
110,0,SQRT,0,,
110,0,SAD,0,,
110,0,SCALE,0,,
110,0,SIGN,0,,
110,0,RECCP,0,,
110,0,Mov,0,,
110,0,Send,0,,
90,0,SQRT,959.2741272587274,,
90,0,FMA,0,,
90,0,Add,0,,
90,0,Mul,0,,
90,0,Sub,0,,
90,0,ABS,0,,
90,0,DIV,0,,
90,0,MIN,0,,
90,0,MAX,0,,
90,0,SAD,0,,
90,0,SCALE,0,,
90,0,SIGN,0,,
90,0,RECCP,0,,
90,0,Mov,0,,
90,0,Send,0,,
71,0,EXP,959.2741272587274,,
71,0,FMA,0,,
71,0,Add,0,,
71,0,Mul,0,,
71,0,Sub,0,,
71,0,ABS,0,,
71,0,DIV,0,,
71,0,MIN,0,,
71,0,MAX,0,,
71,0,SQRT,0,,
71,0,SAD,0,,
71,0,SCALE,0,,
71,0,SIGN,0,,
71,0,RECCP,0,,
71,0,Mov,0,,
71,0,Send,0,,
